id,name,email
1,Olivia Harper,olivia.harper@example.com
2,Liam Turner,liam.turner@example.com
3,Emma Collins,emma.collins@example.com
4,Noah Brooks,noah.brooks@example.com
5,Ava Morgan,ava.morgan@example.com
6,Oliver Reed,oliver.reed@example.com
7,Isabella Hughes,isabella.hughes@example.com
8,Elijah Ward,elijah.ward@example.com
9,Sophia Price,sophia.price@example.com
10,James Bennett,james.bennett@example.com
11,Mia Foster,mia.foster@example.com
12,Benjamin Gray,benjamin.gray@example.com
13,Charlotte Bell,charlotte.bell@example.com
14,Lucas Rivera,lucas.rivera@example.com
15,Amelia Perry,amelia.perry@example.com
16,Henry Flores,henry.flores@example.com
17,Evelyn Simmons,evelyn.simmons@example.com
18,Alexander Murray,alexander.murray@example.com
19,Harper West,harper.west@example.com
20,Daniel Griffin,daniel.griffin@example.com
